{"cameraMode":{"drawMode":0,"name":"Shaded","section":"Shading Mode"},"sceneLighting":true,"audioPlay":false,"sceneViewState":{"showFog":true,"showMaterialUpdate":false,"showSkybox":false,"showFlares":true,"showImageEffects":true,"showParticleSystems":true},"in2DMode":false,"pivot":{"x":0.0,"y":0.03667522966861725,"z":0.5289999842643738},"rotation":{"x":-0.038404423743486407,"y":-0.9544516205787659,"z":0.14013150334358216,"w":-0.26075130701065066},"size":0.8209173083305359,"orthographic":false}