{"cameraMode":{"drawMode":0,"name":"Shaded","section":"Shading Mode"},"sceneLighting":true,"audioPlay":false,"sceneViewState":{"showFog":true,"showMaterialUpdate":false,"showSkybox":false,"showFlares":true,"showImageEffects":true,"showParticleSystems":true},"in2DMode":false,"pivot":{"x":0.11325526237487793,"y":1.2919219732284547,"z":0.7068514823913574},"rotation":{"x":0.07148173451423645,"y":-0.2852459251880646,"z":-0.021426651626825334,"w":-0.9555779695510864},"size":2.104029417037964,"orthographic":false}